FirstName,LastName,PostCode
firstname001,lastname001,2144
firstname002,lastname002,2145
firstname003,lastname003,2146
firstname004,lastname004,2147
firstname005,lastname005,2148
firstname006,lastname006,2149
firstname007,lastname007,2150
firstname008,lastname008,2151
firstname009,lastname009,2152
firstname010,lastname010,2153
firstname011,lastname011,2154
firstname012,lastname012,2155
firstname013,lastname013,2156
firstname014,lastname014,2157
firstname015,lastname015,2158
firstname016,lastname016,2159
firstname017,lastname017,2160
firstname018,lastname018,2161
firstname019,lastname019,2162
firstname020,lastname020,2163
firstname021,lastname021,2164
firstname022,lastname022,2165
firstname023,lastname023,2166
firstname024,lastname024,2167
firstname025,lastname025,2168
firstname026,lastname026,2169
firstname027,lastname027,2170
firstname028,lastname028,2171
firstname029,lastname029,2172
firstname030,lastname030,2173
firstname031,lastname031,2174
firstname032,lastname032,2175
firstname033,lastname033,2176
firstname034,lastname034,2177
firstname035,lastname035,2178
firstname036,lastname036,2179
firstname037,lastname037,2180
firstname038,lastname038,2181
firstname039,lastname039,2182
firstname040,lastname040,2183
firstname041,lastname041,2184
firstname042,lastname042,2185
firstname043,lastname043,2186
firstname044,lastname044,2187
firstname045,lastname045,2188
firstname046,lastname046,2189
firstname047,lastname047,2190
firstname048,lastname048,2191
firstname049,lastname049,2192
firstname050,lastname050,2193
firstname051,lastname051,2194
firstname052,lastname052,2195
firstname053,lastname053,2196
firstname054,lastname054,2197
firstname055,lastname055,2198
firstname056,lastname056,2199
firstname057,lastname057,2200
firstname058,lastname058,2201
firstname059,lastname059,2202
firstname060,lastname060,2203
firstname061,lastname061,2204
firstname062,lastname062,2205
firstname063,lastname063,2206
firstname064,lastname064,2207
firstname065,lastname065,2208
firstname066,lastname066,2209
firstname067,lastname067,2210
firstname068,lastname068,2211
firstname069,lastname069,2212
firstname070,lastname070,2213
firstname071,lastname071,2214
firstname072,lastname072,2215
firstname073,lastname073,2216
firstname074,lastname074,2217
firstname075,lastname075,2218
firstname076,lastname076,2219
firstname077,lastname077,2220
firstname078,lastname078,2221
firstname079,lastname079,2222
firstname080,lastname080,2223
firstname081,lastname081,2224
firstname082,lastname082,2225
firstname083,lastname083,2226
firstname084,lastname084,2227
firstname085,lastname085,2228
firstname086,lastname086,2229
firstname087,lastname087,2230
firstname088,lastname088,2231
firstname089,lastname089,2232
firstname090,lastname090,2233
firstname091,lastname091,2234
firstname092,lastname092,2235
firstname093,lastname093,2236
firstname094,lastname094,2237
firstname095,lastname095,2238
firstname096,lastname096,2239
firstname097,lastname097,2240
firstname098,lastname098,2241
firstname099,lastname099,2242
firstname100,lastname100,2243
firstname101,lastname101,2244
firstname102,lastname102,2245
firstname103,lastname103,2246
firstname104,lastname104,2247
firstname105,lastname105,2248
firstname106,lastname106,2249
firstname107,lastname107,2250
firstname108,lastname108,2251
firstname109,lastname109,2252
firstname110,lastname110,2253
firstname111,lastname111,2254
firstname112,lastname112,2255
firstname113,lastname113,2256
firstname114,lastname114,2257
firstname115,lastname115,2258
firstname116,lastname116,2259
firstname117,lastname117,2260
